sample_name	sample_title	bioproject_accession	organism	host	isolation_source	collection_date	geo_loc_name	lat_lon	ref_biomaterial	rel_to_oxygen	samp_collect_device	samp_mat_process	samp_size	source_material_id	description	core	upper_depth_cm	lower_depth_cm	['Electrical_Conductivity_dSm']	pH_CaCl2	pH_water	['Total_Nitrogen_Combustion_%']	Total_Organic_Carbon_Combustion_%	['moisture_content']	CEC_NH4Ac_cmol_kg	Ca_NH4Ac_cmol_kg	K_NH4Ac_cmol_kg	Mg_NH4Ac_cmol_kg	Na_NH4Ac_cmol_kg
1_NSC01_5_10			soil metagenome	environmental soil	2019 agricultural soil core 1, 5_10 cm	2019	Australia: New South Wales, Boorowa	34.47268092 S 148.687232 E								1	5	10	0.07	5.9	6.7	0.13	1.01	0.76	5.82	4.9	0.47	0.45	<0.02
1_NSC01_35_40			soil metagenome	environmental soil	2019 agricultural soil core 1, 35_40 cm	2019	Australia: New South Wales, Boorowa	34.47268092 S 148.687232 E								1	35	40	0.07	6.3	7.2	0.12	0.91	3	22.82	14	1	7.7	0.12
1_NSC01_45_50			soil metagenome	environmental soil	2019 agricultural soil core 1, 45_50 cm	2019	Australia: New South Wales, Boorowa	34.47268092 S 148.687232 E								1	45	50	0.05	6.7	7.7	0.09	0.56	2.8	24.58	15	0.84	8.6	0.14
1_NSC02_20_25			soil metagenome	environmental soil	2019 agricultural soil core 2, 20_25 cm	2019	Australia: New South Wales, Boorowa	34.47285339 S 148.6858419 E								2	20	25	0.03	4.9	6	<0.05	0.43	0.54	3.19	2.6	0.22	0.37	<0.02
1_NSC02_35_40			soil metagenome	environmental soil	2019 agricultural soil core 2, 35_40 cm	2019	Australia: New South Wales, Boorowa	34.47285339 S 148.6858419 E								2	35	40	0.02	5.1	6.3	<0.05	0.22	1.7	4.399	3.1	0.3	0.96	0.039
1_NSC02_40_45			soil metagenome	environmental soil	2019 agricultural soil core 2, 40_45 cm	2019	Australia: New South Wales, Boorowa	34.47285339 S 148.6858419 E								2	40	45	0.02	5.4	6.4	<0.05	0.15	0.67	4.78	3.3	0.24	1.2	0.04
1_NSC03_0_5			soil metagenome	environmental soil	2019 agricultural soil core 3, 0_5 cm	2019	Australia: New South Wales, Boorowa	34.47345778 S 148.6845149 E								3	0	5	0.05	6.7	7.4	0.1	0.89	0.67	6.09	5.2	0.54	0.35	<0.02
1_NSC03_5_10			soil metagenome	environmental soil	2019 agricultural soil core 3, 5_10 cm	2019	Australia: New South Wales, Boorowa	34.47345778 S 148.6845149 E								3	5	10	0.05	7.1	7.7	0.08	0.86	0.66	7.04	6.3	0.39	0.35	<0.02
1_NSC03_35_40			soil metagenome	environmental soil	2019 agricultural soil core 3, 35_40 cm	2019	Australia: New South Wales, Boorowa	34.47345778 S 148.6845149 E								3	35	40	0.02	5.7	6.7	<0.05	0.19	0.73	4.02	2.8	0.37	0.85	<0.02
1_NSC03_40_45			soil metagenome	environmental soil	2019 agricultural soil core 3, 40_45 cm	2019	Australia: New South Wales, Boorowa	34.47345778 S 148.6845149 E								3	40	45	0.02	6	6.9	<0.05	0.15	0.78	4.04	2.7	0.37	0.97	<0.02
1_NSC03_45_50			soil metagenome	environmental soil	2019 agricultural soil core 3, 45_50 cm	2019	Australia: New South Wales, Boorowa	34.473458 S 148.684515 E								3	45	50	0.02	6.1	7.1	<0.05	0.15	0.81	4.27	2.8	0.37	1.1	<0.02
1_NSC04_10_15			soil metagenome	environmental soil	2019 agricultural soil core 4, 10_15 cm	2019	Australia: New South Wales, Boorowa	34.47364483 S 148.6846819 E								4	10	15	0.04	5.9	6.6	0.1	0.89	0.54	5.16	4.3	0.48	0.38	<0.02
1_NSC04_15_20			soil metagenome	environmental soil	2019 agricultural soil core 4, 15_20 cm	2019	Australia: New South Wales, Boorowa	34.47364483 S 148.6846819 E								4	15	20	0.03	4.5	5.4	0.05	0.44	0.43	2.36	1.7	0.38	0.28	<0.02
1_NSC04_45_50			soil metagenome	environmental soil	2019 agricultural soil core 4, 45_50 cm	2019	Australia: New South Wales, Boorowa	34.47364483 S 148.6846819 E								4	45	50	0.05	5.6	6.4	<0.05	0.29	1	8.183	4.9	0.63	2.6	0.053
1_NSC05_20_25			soil metagenome	environmental soil	2019 agricultural soil core 5, 20_25 cm	2019	Australia: New South Wales, Boorowa	34.47364422 S 148.6840722 E								5	20	25	0.05	4.7	5.5	0.05	0.47	1.3	8.03	5	0.7	2.3	0.03
1_NSC05_25_30			soil metagenome	environmental soil	2019 agricultural soil core 5, 25_30 cm	2019	Australia: New South Wales, Boorowa	34.47364422 S 148.6840722 E								5	25	30	0.06	5	5.8	0.08	0.66	2.2	14.26	8.5	1.1	4.6	0.06
1_NSC05_45_50			soil metagenome	environmental soil	2019 agricultural soil core 5, 45_50 cm	2019	Australia: New South Wales, Boorowa	34.47364422 S 148.6840722 E								5	45	50	0.05	5.8	6.7	0.06	0.5	2.3	18.47	9.9	1.1	7.3	0.17
1_NSC06_0_5			soil metagenome	environmental soil	2019 agricultural soil core 6, 0_5 cm	2019	Australia: New South Wales, Boorowa	34.47336885 S 148.6850792 E								6	0	5	0.07	7.1	7.8	0.14	1.41	0.52	9.17	8	0.66	0.51	<0.02
1_NSC06_25_30			soil metagenome	environmental soil	2019 agricultural soil core 6, 25_30 cm	2019	Australia: New South Wales, Boorowa	34.47336885 S 148.6850792 E								6	25	30	0.02	5.5	6.6	<0.05	0.29	0.61	4.779	3.7	0.36	0.66	0.059
1_NSC06_35_40			soil metagenome	environmental soil	2019 agricultural soil core 6, 35_40 cm	2019	Australia: New South Wales, Boorowa	34.47336885 S 148.6850792 E								6	35	40	0.02	5.7	6.8	<0.05	0.28	0.51	5.438	4.2	0.31	0.85	0.078
1_NSC07_10_15			soil metagenome	environmental soil	2019 agricultural soil core 7, 10_15 cm	2019	Australia: New South Wales, Boorowa	34.47292205 S 148.6867469 E								7	10	15	0.03	5.7	6.6	0.06	0.41	0.55	3.11	2.6	0.27	0.24	<0.02
1_NSC07_15_20			soil metagenome	environmental soil	2019 agricultural soil core 7, 15_20 cm	2019	Australia: New South Wales, Boorowa	34.47292205 S 148.6867469 E								7	15	20	0.03	5.3	6.3	0.06	0.28	0.27	2.79	2.2	0.28	0.31	<0.02
1_NSC07_20_25			soil metagenome	environmental soil	2019 agricultural soil core 7, 20_25 cm	2019	Australia: New South Wales, Boorowa	34.47292205 S 148.6867469 E								7	20	25	0.03	5.5	6.5	<0.05	0.23	0.63	2.63	2	0.27	0.36	<0.02
1_NSC08_0_5			soil metagenome	environmental soil	2019 agricultural soil core 8, 0_5 cm	2019	Australia: New South Wales, Boorowa	34.47276475 S 148.6863845 E								8	0	5	0.12	6	6.7	0.11	1.26	0.43	7.175	5.7	0.79	0.66	0.025
1_NSC08_15_20			soil metagenome	environmental soil	2019 agricultural soil core 8, 15_20 cm	2019	Australia: New South Wales, Boorowa	34.47276475 S 148.6863845 E								8	15	20	0.04	5.9	6.8	0.05	0.52	0.41	4.662	3.3	0.48	0.83	0.052
1_NSC08_35_40			soil metagenome	environmental soil	2019 agricultural soil core 8, 35_40 cm	2019	Australia: New South Wales, Boorowa	34.47276475 S 148.6863845 E								8	35	40	0.04	6.8	7.9	<0.05	0.17	0.63	4.45	2.9	0.56	0.89	0.1
1_NSC09_5_10			soil metagenome	environmental soil	2019 agricultural soil core 9, 5_10 cm	2019	Australia: New South Wales, Boorowa	34.47262578 S 148.6873071 E								9	5	10	0.05	5.8	6.7	0.11	1.14	2.1	9.64	7.5	0.84	1.3	<0.02
1_NSC09_25_30			soil metagenome	environmental soil	2019 agricultural soil core 9, 25_30 cm	2019	Australia: New South Wales, Boorowa	34.47262578 S 148.6873071 E								9	25	30	0.05	5.7	6.6	0.12	0.9	2	16.026	11	1.2	3.8	0.026
1_NSC09_45_50			soil metagenome	environmental soil	2019 agricultural soil core 9, 45_50 cm	2019	Australia: New South Wales, Boorowa	34.47262578 S 148.6873071 E								9	45	50	0.05	6.5	7.3	0.08	0.5	2.4	18.649	13	0.88	4.7	0.069
1_NSC10_10_15			soil metagenome	environmental soil	2019 agricultural soil core 10, 10_15 cm	2019	Australia: New South Wales, Boorowa	34.47328141 S 148.6848815 E								10	10	15	0.05	5.4	6.1	0.11	0.92	1.2	4.64	3.8	0.32	0.52	<0.02
1_NSC10_25_30			soil metagenome	environmental soil	2019 agricultural soil core 10, 25_30 cm	2019	Australia: New South Wales, Boorowa	34.47328141 S 148.6848815 E								10	25	30	0.02	4.6	5.7	<0.05	0.34	0.78	5.32	3.6	0.22	1.5	<0.02
1_NSC10_30_35			soil metagenome	environmental soil	2019 agricultural soil core 10, 30_35 cm	2019	Australia: New South Wales, Boorowa	34.47328141 S 148.6848815 E								10	30	35	0.02	4.9	6	<0.05	0.36	1.1	9.812	6.2	0.28	3.3	0.032
1_NSC11_25_30			soil metagenome	environmental soil	2019 agricultural soil core 11, 25_30 cm	2019	Australia: New South Wales, Boorowa	34.47417125 S 148.6837779 E								11	25	30	0.02	4.8	5.8	<0.05	0.4	0.67	2.86	2	0.26	0.6	<0.02
1_NSC11_30_35			soil metagenome	environmental soil	2019 agricultural soil core 11, 30_35 cm	2019	Australia: New South Wales, Boorowa	34.47417125 S 148.6837779 E								11	30	35	0.02	5.2	6.2	<0.05	0.25	0.72	4.02	2.7	0.34	0.98	<0.02
1_NSC11_45_50			soil metagenome	environmental soil	2019 agricultural soil core 11, 45_50 cm	2019	Australia: New South Wales, Boorowa	34.47417125 S 148.6837779 E								11	45	50	0.02	5.9	6.8	<0.05	0.18	1.1	5.834	3.7	0.41	1.7	0.024
1_NSC12_15_20			soil metagenome	environmental soil	2019 agricultural soil core 12, 15_20 cm	2019	Australia: New South Wales, Boorowa	34.47353831 S 148.68456 E								12	15	20	0.03	5.5	6.4	0.05	0.51	0.56	3.68	3	0.31	0.37	<0.02
1_NSC12_0_5			soil metagenome	environmental soil	2019 agricultural soil core 12, 0_5 cm	2019	Australia: New South Wales, Boorowa	34.47353831 S 148.68456 E								12	0	5	0.07	6.8	7.5	0.09	0.95	0.7	6.35	5.4	0.55	0.4	<0.02
1_NSC12_35_40			soil metagenome	environmental soil	2019 agricultural soil core 12, 35_40 cm	2019	Australia: New South Wales, Boorowa	34.47353831 S 148.68456 E								12	35	40	0.02	5.7	6.8	<0.05	0.19	1	3.18	2.2	0.26	0.72	<0.02
1_NSC12_40_45			soil metagenome	environmental soil	2019 agricultural soil core 12, 40_45 cm	2019	Australia: New South Wales, Boorowa	34.47353831 S 148.68456 E								12	40	45	0.02	5.8	6.9	<0.05	0.23	0.72	4.136	2.7	0.3	1.1	0.036
1_NSC13_25_30			soil metagenome	environmental soil	2019 agricultural soil core 13, 25_30 cm	2019	Australia: New South Wales, Boorowa	34.47317851 S 148.6858049 E								13	25	30	0.02	6.1	7.1	<0.05	0.16	0.58	2.987	1.9	0.15	0.86	0.077
1_NSC13_30_35			soil metagenome	environmental soil	2019 agricultural soil core 13, 30_35 cm	2019	Australia: New South Wales, Boorowa	34.47317851 S 148.6858049 E								13	30	35	0.02	6.2	7.3	<0.05	0.15	0.63	2.783	1.7	0.15	0.86	0.073
1_NSC13_35_40			soil metagenome	environmental soil	2019 agricultural soil core 13, 35_40 cm	2019	Australia: New South Wales, Boorowa	34.47317851 S 148.6858049 E								13	35	40	0.02	6.1	7.3	<0.05	0.16	0.62	3.568	2.1	0.18	1.2	0.088
1_NSC14_15_20			soil metagenome	environmental soil	2019 agricultural soil core 14, 15_20 cm	2019	Australia: New South Wales, Boorowa	34.47340852 S 148.685472 E								14	15	20	0.03	5.2	6.4	<0.05	0.3	0.93	2.83	2	0.22	0.52	0.09
1_NSC14_0_5			soil metagenome	environmental soil	2019 agricultural soil core 14, 0_5 cm	2019	Australia: New South Wales, Boorowa	34.47340852 S 148.685472 E								14	0	5	0.09	6.7	7.4	0.12	1.2	0.94	6.961	5.7	0.5	0.7	0.061
1_NSC14_35_40			soil metagenome	environmental soil	2019 agricultural soil core 14, 35_40 cm	2019	Australia: New South Wales, Boorowa	34.47340852 S 148.685472 E								14	35	40	0.03	5.8	7.5	<0.05	0.15	3.3	6.2	2.6	0.16	2.7	0.74
1_NSC14_40_45			soil metagenome	environmental soil	2019 agricultural soil core 14, 40_45 cm	2019	Australia: New South Wales, Boorowa	34.47340852 S 148.685472 E								14	40	45	0.04	6.2	7.6	<0.05	0.19	7.7	12.74	4.9	0.24	6	1.6
1_NSC15_10_15			soil metagenome	environmental soil	2019 agricultural soil core 15, 10_15 cm	2019	Australia: New South Wales, Boorowa	34.4730831 S 148.6855308 E								15	10	15	0.06	5.2	6	0.11	1.06	0.62	4.537	3.8	0.2	0.49	0.047
1_NSC15_25_30			soil metagenome	environmental soil	2019 agricultural soil core 15, 25_30 cm	2019	Australia: New South Wales, Boorowa	34.4730831 S 148.6855308 E								15	25	30	0.02	5.9	7	<0.05	0.29	0.87	2.635	1.9	0.16	0.5	0.075
1_NSC15_35_40			soil metagenome	environmental soil	2019 agricultural soil core 15, 35_40 cm	2019	Australia: New South Wales, Boorowa	34.4730831 S 148.6855308 E								15	35	40	0.02	6.2	7.4	<0.05	0.25	1.7	3.967	2.7	0.17	1	0.097
1_NSC15_40_45			soil metagenome	environmental soil	2019 agricultural soil core 15, 40_45 cm	2019	Australia: New South Wales, Boorowa	34.4730831 S 148.6855308 E								15	40	45	0.03	6.3	7.4	<0.05	0.34	1.2	8.84	5.8	0.27	2.6	0.17
1_NSC16_0_5			soil metagenome	environmental soil	2019 agricultural soil core 16, 0_5 cm	2019	Australia: New South Wales, Boorowa	34.47378412 S 148.6856973 E								16	0	5	0.09	7	7.6	0.16	1.95	1.1	10.67	9	0.96	0.71	<0.02
1_NSC16_35_40			soil metagenome	environmental soil	2019 agricultural soil core 16, 35_40 cm	2019	Australia: New South Wales, Boorowa	34.47378412 S 148.6856973 E								16	35	40	0.05	7	7.8	<0.05	0.6	0.64	5.802	4.1	0.51	1.1	0.092
1_NSC16_40_45			soil metagenome	environmental soil	2019 agricultural soil core 16, 40_45 cm	2019	Australia: New South Wales, Boorowa	34.47378412 S 148.6856973 E								16	40	45	0.18	7.2	7.7	0.05	0.39	2.7	6.18	3.8	0.82	1.4	0.16
1_NSC17_0_5			soil metagenome	environmental soil	2019 agricultural soil core 17, 0_5 cm	2019	Australia: New South Wales, Boorowa	34.47290898 S 148.6876939 E								17	0	5	0.1	5.5	6.1	0.16	1.24	0.77	5.752	4.6	0.53	0.6	0.022
1_NSC17_10_15			soil metagenome	environmental soil	2019 agricultural soil core 17, 10_15 cm	2019	Australia: New South Wales, Boorowa	34.47290898 S 148.6876939 E								17	10	15	0.03	5.1	6	0.06	0.48	0.54	2.54	2	0.31	0.23	<0.02
1_NSC17_15_20			soil metagenome	environmental soil	2019 agricultural soil core 17, 15_20 cm	2019	Australia: New South Wales, Boorowa	34.47290898 S 148.6876939 E								17	15	20	0.03	4.8	5.8	<0.05	0.27	0.48	1.69	1.2	0.29	0.2	<0.02
1_NSC18_15_20			soil metagenome	environmental soil	2019 agricultural soil core 18, 15_20 cm	2019	Australia: New South Wales, Boorowa	34.47364124 S 148.6855964 E								18	15	20	0.05	5.4	6.5	<0.05	0.39	0.59	3.33	2	0.25	0.76	0.32
1_NSC18_20_25			soil metagenome	environmental soil	2019 agricultural soil core 18, 20_25 cm	2019	Australia: New South Wales, Boorowa	34.473641 S 148.685596 E								18	20	25	0.04	5.7	7	<0.05	0.24	0.9	3.12	1.8	0.25	0.77	0.3
1_NSC18_25_30			soil metagenome	environmental soil	2019 agricultural soil core 18, 25_30 cm	2019	Australia: New South Wales, Boorowa	34.473641 S 148.685596 E								18	25	30	0.04	6.2	7.3	<0.05	0.17	0.52	2.8	1.6	0.2	0.72	0.28
1_NSC18_40_45			soil metagenome	environmental soil	2019 agricultural soil core 18, 40_45 cm	2019	Australia: New South Wales, Boorowa	34.473641 S 148.685596 E								18	40	45	0.05	6.2	7.3	<0.05	0.15	0.94	6.54	3	0.28	2.8	0.46
1_NSC19_20_25			soil metagenome	environmental soil	2019 agricultural soil core 19, 20_25 cm	2019	Australia: New South Wales, Boorowa	34.47333956 S 148.6865485 E								19	20	25	0.02	4.5	5.5	<0.05	0.2	0.5	1.53	1	0.31	0.22	<0.02
1_NSC19_40_45			soil metagenome	environmental soil	2019 agricultural soil core 19, 40_45 cm	2019	Australia: New South Wales, Boorowa	34.47333956 S 148.6865485 E								19	40	45	0.03	5.2	6.1	<0.05	0.19	2.9	4.24	2.8	0.56	0.88	<0.02
1_NSC19_45_50			soil metagenome	environmental soil	2019 agricultural soil core 19, 45_50 cm	2019	Australia: New South Wales, Boorowa	34.47333956 S 148.6865485 E								19	45	50	0.03	5.4	6.2	<0.05	0.2	1.1	4.57	3	0.57	1	<0.02
1_NSC20_15_20			soil metagenome	environmental soil	2019 agricultural soil core 20, 15_20 cm	2019	Australia: New South Wales, Boorowa	34.4743212 S 148.6840205 E								20	15	20	0.02	4.8	5.7	<0.05	0.23	0.82	2.45	1.8	0.29	0.36	<0.02
1_NSC20_25_30			soil metagenome	environmental soil	2019 agricultural soil core 20, 25_30 cm	2019	Australia: New South Wales, Boorowa	34.4743212 S 148.6840205 E								20	25	30	0.02	5.4	6.4	<0.05	0.22	1.9	3.48	2.3	0.37	0.81	<0.02
1_NSC20_35_40			soil metagenome	environmental soil	2019 agricultural soil core 20, 35_40 cm	2019	Australia: New South Wales, Boorowa	34.4743212 S 148.6840205 E								20	35	40	0.02	6	7	<0.05	0.18	2.1	5.72	3.5	0.62	1.6	<0.02
1_NSC21_5_10			soil metagenome	environmental soil	2019 agricultural soil core 21, 5_10 cm	2019	Australia: New South Wales, Boorowa	34.47327511 S 148.6872984 E								21	5	10	0.07	5.5	6.2	0.06	0.6	0.45	3.21	2.6	0.3	0.31	<0.02
1_NSC21_10_15			soil metagenome	environmental soil	2019 agricultural soil core 21, 10_15 cm	2019	Australia: New South Wales, Boorowa	34.47327511 S 148.6872984 E								21	10	15	0.05	6.3	7	0.05	0.42	0.41	3.605	3	0.26	0.31	0.035
1_NSC21_15_20			soil metagenome	environmental soil	2019 agricultural soil core 21, 15_20 cm	2019	Australia: New South Wales, Boorowa	34.47327511 S 148.6872984 E								21	15	20	0.03	5.5	6.4	<0.05	0.21	0.4	2.267	1.7	0.22	0.31	0.037
1_NSC21_20_25			soil metagenome	environmental soil	2019 agricultural soil core 21, 20_25 cm	2019	Australia: New South Wales, Boorowa	34.47327511 S 148.6872984 E								21	20	25	0.03	5.3	6.4	<0.05	0.22	0.38	1.83	1.3	0.2	0.29	0.04
1_NSC21_35_40			soil metagenome	environmental soil	2019 agricultural soil core 21, 35_40 cm	2019	Australia: New South Wales, Boorowa	34.47327511 S 148.6872984 E								21	35	40	0.03	5.9	7.1	<0.05	0.2	0.75	5.68	3	0.29	2.1	0.29
1_NSC22_0_5			soil metagenome	environmental soil	2019 agricultural soil core 22, 0_5 cm	2019	Australia: New South Wales, Boorowa	34.47373589 S 148.6852717 E								22	0	5	0.11	7	7.6	0.1	0.98	0.64	7.029	5.9	0.49	0.58	0.059
1_NSC22_25_30			soil metagenome	environmental soil	2019 agricultural soil core 22, 25_30 cm	2019	Australia: New South Wales, Boorowa	34.47373589 S 148.6852717 E								22	25	30	0.03	5.6	6.7	<0.05	0.28	0.83	4.82	2.7	0.33	1.6	0.19
1_NSC22_30_35			soil metagenome	environmental soil	2019 agricultural soil core 22, 30_35 cm	2019	Australia: New South Wales, Boorowa	34.47373589 S 148.6852717 E								22	30	35	0.04	6.1	7.3	<0.05	0.34	1.3	7.85	3.6	0.46	3.3	0.49
1_NSC22_45_50			soil metagenome	environmental soil	2019 agricultural soil core 22, 45_50 cm	2019	Australia: New South Wales, Boorowa	34.47373589 S 148.6852717 E								22	45	50	0.09	7.3	8.6	0.07	0.41	2.8	23.32	8	0.82	12	2.5
1_NSC23_5_10			soil metagenome	environmental soil	2019 agricultural soil core 23, 5_10 cm	2019	Australia: New South Wales, Boorowa	34.47404898 S 148.6847989 E								23	5	10	0.02	5.6	6.5	0.07	0.65	0.84	6	4.3	0.5	1.2	<0.02
1_NSC23_40_45			soil metagenome	environmental soil	2019 agricultural soil core 23, 40_45 cm	2019	Australia: New South Wales, Boorowa	34.47404898 S 148.6847989 E								23	40	45	0.04	6.2	7	0.06	0.65	0.86	6.172	4.4	0.44	1.3	0.032
1_NSC23_45_50			soil metagenome	environmental soil	2019 agricultural soil core 23, 45_50 cm	2019	Australia: New South Wales, Boorowa	34.47404898 S 148.6847989 E								23	45	50	0.06	6.5	7.2	0.07	0.64	0.93	6.725	4.8	0.49	1.4	0.035
1_NSC24_0_5			soil metagenome	environmental soil	2019 agricultural soil core 24, 0_5 cm	2019	Australia: New South Wales, Boorowa	34.47392699 S 148.6857982 E								24	0	5	0.1	5.7	6.4	0.12	1.14	0.62	5.574	4.5	0.57	0.47	0.034
1_NSC24_5_10			soil metagenome	environmental soil	2019 agricultural soil core 24, 5_10 cm	2019	Australia: New South Wales, Boorowa	34.47392699 S 148.6857982 E								24	5	10	0.09	5.6	6.2	0.16	1.31	0.67	5.563	4.7	0.4	0.44	0.023
1_NSC24_30_35			soil metagenome	environmental soil	2019 agricultural soil core 24, 30_35 cm	2019	Australia: New South Wales, Boorowa	34.47392699 S 148.6857982 E								24	30	35	0.03	6.6	7.8	<0.05	0.32	2.1	4.68	2.5	0.48	1.5	0.2
1_NSC25_5_10			soil metagenome	environmental soil	2019 agricultural soil core 25, 5_10 cm	2019	Australia: New South Wales, Boorowa	34.4735227 S 148.6863453 E								25	5	10	0.1	6.8	7.2	0.1	0.99	0.62	7.67	7.1	0.27	0.3	<0.02
1_NSC25_20_25			soil metagenome	environmental soil	2019 agricultural soil core 25, 20_25 cm	2019	Australia: New South Wales, Boorowa	34.4735227 S 148.6863453 E								25	20	25	0.01	4.6	5.5	0.05	0.4	0.56	2.464	1.8	0.28	0.36	0.024
1_NSC25_30_35			soil metagenome	environmental soil	2019 agricultural soil core 25, 30_35 cm	2019	Australia: New South Wales, Boorowa	34.4735227 S 148.6863453 E								25	30	35	0.02	5.2	6.6	<0.05	0.2	0.81	4.32	2.5	0.29	1.4	0.13
1_NSC26_5_10			soil metagenome	environmental soil	2019 agricultural soil core 26, 5_10 cm	2019	Australia: New South Wales, Boorowa	34.47320375 S 148.6865893 E								26	5	10	0.06	6.5	7.1	0.08	0.72	0.58	4.87	4.2	0.35	0.32	<0.02
1_NSC26_20_25			soil metagenome	environmental soil	2019 agricultural soil core 26, 20_25 cm	2019	Australia: New South Wales, Boorowa	34.47320375 S 148.6865893 E								26	20	25	0.02	5.1	6.1	<0.05	0.26	0.58	2.562	1.9	0.29	0.35	0.022
1_NSC26_30_35			soil metagenome	environmental soil	2019 agricultural soil core 26, 30_35 cm	2019	Australia: New South Wales, Boorowa	34.47320375 S 148.6865893 E								26	30	35	0.02	5.4	6.4	<0.05	0.15	0.52	2.552	1.8	0.29	0.44	0.022
1_NSC26_35_40			soil metagenome	environmental soil	2019 agricultural soil core 26, 35_40 cm	2019	Australia: New South Wales, Boorowa	34.47320375 S 148.6865893 E								26	35	40	0.02	5.5	6.6	<0.05	0.2	0.54	3.321	2.3	0.35	0.64	0.031
1_NSC27_0_5			soil metagenome	environmental soil	2019 agricultural soil core 27, 0_5 cm	2019	Australia: New South Wales, Boorowa	34.47339951 S 148.6861251 E								27	0	5	0.14	6.4	7	0.13	1.12	0.74	6.738	5.5	0.47	0.69	0.078
1_NSC27_30_35			soil metagenome	environmental soil	2019 agricultural soil core 27, 30_35 cm	2019	Australia: New South Wales, Boorowa	34.47339951 S 148.6861251 E								27	30	35	0.03	6.2	7.3	<0.05	0.2	0.58	4.54	3.1	0.18	1.1	0.16
1_NSC27_45_50			soil metagenome	environmental soil	2019 agricultural soil core 27, 45_50 cm	2019	Australia: New South Wales, Boorowa	34.47339951 S 148.6861251 E								27	45	50	0.05	6.4	7.6	0.06	0.51	2.5	21.34	10	0.63	9.8	0.91
1_NSC28_5_10			soil metagenome	environmental soil	2019 agricultural soil core 28, 5_10 cm	2019	Australia: New South Wales, Boorowa	34.47468417 S 148.6838536 E								28	5	10	0.11	6.5	7.1	0.09	0.98	0.7	6.78	5.9	0.45	0.43	<0.02
1_NSC28_25_30			soil metagenome	environmental soil	2019 agricultural soil core 28, 25_30 cm	2019	Australia: New South Wales, Boorowa	34.47468417 S 148.6838536 E								28	25	30	0.01	5.1	6	<0.05	0.26	0.6	3.14	2.2	0.32	0.62	<0.02
1_NSC28_30_35			soil metagenome	environmental soil	2019 agricultural soil core 28, 30_35 cm	2019	Australia: New South Wales, Boorowa	34.47468417 S 148.6838536 E								28	30	35	0.02	5.4	6.4	<0.05	0.31	0.69	3.81	2.6	0.38	0.83	<0.02
1_NSC29_5_10			soil metagenome	environmental soil	2019 agricultural soil core 29, 5_10 cm	2019	Australia: New South Wales, Boorowa	34.47454565 S 148.6840903 E								29	5	10	0.12	7.3	7.9	0.12	1.06	0.8	10.12	8.8	0.79	0.53	<0.02
1_NSC29_20_25			soil metagenome	environmental soil	2019 agricultural soil core 29, 20_25 cm	2019	Australia: New South Wales, Boorowa	34.47454565 S 148.6840903 E								29	20	25	0.03	5.4	6.4	0.05	0.33	0.62	3.43	2.5	0.39	0.54	<0.02
1_NSC29_45_50			soil metagenome	environmental soil	2019 agricultural soil core 29, 45_50 cm	2019	Australia: New South Wales, Boorowa	34.47454565 S 148.6840903 E								29	45	50	0.04	5.9	6.8	<0.05	0.23	1.1	6.65	4.4	0.65	1.6	<0.02
1_NSC30_0_5			soil metagenome	environmental soil	2019 agricultural soil core 30, 0_5 cm	2019	Australia: New South Wales, Boorowa	34.47428859 S 148.6837694 E								30	0	5	0.08	6.7	7.4	0.08	0.73	0.9	5.98	5.2	0.41	0.37	<0.02
1_NSC30_15_20			soil metagenome	environmental soil	2019 agricultural soil core 30, 15_20 cm	2019	Australia: New South Wales, Boorowa	34.47428859 S 148.6837694 E								30	15	20	0.03	5	6	<0.05	0.35	1.4	2.34	1.8	0.28	0.26	<0.02
1_NSC30_45_50			soil metagenome	environmental soil	2019 agricultural soil core 30, 45_50 cm	2019	Australia: New South Wales, Boorowa	34.47428859 S 148.6837694 E								30	45	50	0.03	5.7	6.6	<0.05	0.15	1.1	5.758	3.4	0.53	1.8	0.028
1_NSC31_20_25			soil metagenome	environmental soil	2019 agricultural soil core 31, 20_25 cm	2019	Australia: New South Wales, Boorowa	34.47425527 S 148.6861858 E								31	20	25	0.02	5.2	6.2	<0.05	0.17	0.37	2.17	1.6	0.26	0.31	<0.02
1_NSC31_25_30			soil metagenome	environmental soil	2019 agricultural soil core 31, 25_30 cm	2019	Australia: New South Wales, Boorowa	34.47425527 S 148.6861858 E								31	25	30	0.03	4.9	5.9	<0.05	0.28	0.57	3.66	2.7	0.4	0.56	<0.02
1_NSC31_30_35			soil metagenome	environmental soil	2019 agricultural soil core 31, 30_35 cm	2019	Australia: New South Wales, Boorowa	34.47425527 S 148.6861858 E								31	30	35	0.03	5	5.9	0.05	0.35	0.68	4.16	3	0.49	0.67	<0.02
1_NSC31_40_45			soil metagenome	environmental soil	2019 agricultural soil core 31, 40_45 cm	2019	Australia: New South Wales, Boorowa	34.47425527 S 148.6861858 E								31	40	45	0.03	5.1	6.1	<0.05	0.3	0.72	3.33	2.2	0.52	0.61	<0.02
1_NSC32_0_5			soil metagenome	environmental soil	2019 agricultural soil core 32, 0_5 cm	2019	Australia: New South Wales, Boorowa	34.47372718 S 148.6865563 E								32	0	5	0.13	6.5	7	0.08	0.68	0.6	4.93	4.4	0.34	0.19	<0.02
1_NSC32_35_40			soil metagenome	environmental soil	2019 agricultural soil core 32, 35_40 cm	2019	Australia: New South Wales, Boorowa	34.47372718 S 148.6865563 E								32	35	40	0.02	4.4	5.4	<0.05	0.15	0.5	1.52	1.1	0.24	0.18	<0.02
1_NSC32_40_45			soil metagenome	environmental soil	2019 agricultural soil core 32, 40_45 cm	2019	Australia: New South Wales, Boorowa	34.47372718 S 148.6865563 E								32	40	45	0.02	4.6	5.5	<0.05	0.22	0.51	2.25	1.6	0.35	0.3	<0.02
1_NSC32_45_50			soil metagenome	environmental soil	2019 agricultural soil core 32, 45_50 cm	2019	Australia: New South Wales, Boorowa	34.47372718 S 148.6865563 E								32	45	50	0.02	4.7	5.7	<0.05	0.21	0.65	2.69	1.9	0.39	0.4	<0.02
1_NSC33_0_5			soil metagenome	environmental soil	2019 agricultural soil core 33, 0_5 cm	2019	Australia: New South Wales, Boorowa	34.47313763 S 148.6881122 E								33	0	5	0.07	7	7.8	0.14	1.19	0.62	6.9	5.9	0.67	0.33	<0.02
1_NSC33_5_10			soil metagenome	environmental soil	2019 agricultural soil core 33, 5_10 cm	2019	Australia: New South Wales, Boorowa	34.47313763 S 148.6881122 E								33	5	10	0.05	6.7	7.4	0.1	0.91	0.55	5.48	4.6	0.55	0.33	<0.02
1_NSC33_40_45			soil metagenome	environmental soil	2019 agricultural soil core 33, 40_45 cm	2019	Australia: New South Wales, Boorowa	34.47313763 S 148.6881122 E								33	40	45	0.06	6.8	7.8	<0.05	0.3	1	7.04	3.9	1	1.9	0.24
1_NSC34_25_30			soil metagenome	environmental soil	2019 agricultural soil core 34, 25_30 cm	2019	Australia: New South Wales, Boorowa	34.47357288 S 148.6879359 E								34	25	30	0.03	5.1	6	<0.05	0.15	0.33	1.71	1.2	0.34	0.17	<0.02
1_NSC34_30_35			soil metagenome	environmental soil	2019 agricultural soil core 34, 30_35 cm	2019	Australia: New South Wales, Boorowa	34.47357288 S 148.6879359 E								34	30	35	0.03	5.2	6.2	<0.05	0.21	0.54	2.78	1.8	0.54	0.44	<0.02
1_NSC34_40_45			soil metagenome	environmental soil	2019 agricultural soil core 34, 40_45 cm	2019	Australia: New South Wales, Boorowa	34.47357288 S 148.6879359 E								34	40	45	0.05	5.5	6.4	0.06	0.29	1.1	7.5	4.4	1.5	1.6	<0.02
1_NSC34_45_50			soil metagenome	environmental soil	2019 agricultural soil core 34, 45_50 cm	2019	Australia: New South Wales, Boorowa	34.47357288 S 148.6879359 E								34	45	50	0.04	5.8	6.7	<0.05	0.27	1	7.2	4.1	1.5	1.6	<0.02
1_NSC35_15_20			soil metagenome	environmental soil	2019 agricultural soil core 35, 15_20 cm	2019	Australia: New South Wales, Boorowa	34.47470147 S 148.6852149 E								35	15	20	0.03	4.7	5.6	<0.05	0.35	0.49	2.3	1.7	0.25	0.32	0.03
1_NSC35_25_30			soil metagenome	environmental soil	2019 agricultural soil core 35, 25_30 cm	2019	Australia: New South Wales, Boorowa	34.47470147 S 148.6852149 E								35	25	30	0.02	4.8	6	<0.05	0.32	3.067	1.8	0.36	0.82	0.087	
1_NSC35_40_45			soil metagenome	environmental soil	2019 agricultural soil core 35, 40_45 cm	2019	Australia: New South Wales, Boorowa	34.47470147 S 148.6852149 E								35	40	45	0.03	5.6	6.7	<0.05	0.33	7.41	3.9	0.7	2.6	0.21	
1_NSC36_0_5			soil metagenome	environmental soil	2019 agricultural soil core 36, 0_5 cm	2019	Australia: New South Wales, Boorowa	34.47512242 S 148.6841128 E								36	0	5	0.03	6.9	7.6	0.11	1.09	0.79	7.91	6.8	0.61	0.5	<0.02
1_NSC36_10_15			soil metagenome	environmental soil	2019 agricultural soil core 36, 10_15 cm	2019	Australia: New South Wales, Boorowa	34.47512242 S 148.6841128 E								36	10	15	0.04	5	5.9	0.09	0.57	1.3	3.55	2.9	0.33	0.32	<0.02
1_NSC36_40_45			soil metagenome	environmental soil	2019 agricultural soil core 36, 40_45 cm	2019	Australia: New South Wales, Boorowa	34.47512242 S 148.6841128 E								36	40	45	0.02	6	6.9	<0.05	0.27	3.9	6.574	4.3	0.53	1.7	0.044
1_NSC37_15_20			soil metagenome	environmental soil	2019 agricultural soil core 37, 15_20 cm	2019	Australia: New South Wales, Boorowa	34.47436043 S 148.6857524 E								37	15	20	0.04	5.8	6.5	<0.05	0.32	0.38	3.35	2.7	0.4	0.25	<0.02
1_NSC37_30_35			soil metagenome	environmental soil	2019 agricultural soil core 37, 30_35 cm	2019	Australia: New South Wales, Boorowa	34.47436043 S 148.6857524 E								37	30	35	0.03	5	5.9	<0.05	0.37	0.69	3.9	2.6	0.59	0.71	<0.02
1_NSC37_35_40			soil metagenome	environmental soil	2019 agricultural soil core 37, 35_40 cm	2019	Australia: New South Wales, Boorowa	34.47436043 S 148.6857524 E								37	35	40	0.04	5.2	6	0.06	0.42	1.1	5.85	3.7	0.85	1.3	<0.02
1_NSC38_10_15			soil metagenome	environmental soil	2019 agricultural soil core 38, 10_15 cm	2019	Australia: New South Wales, Boorowa	34.47447897 S 148.6856568 E								38	10	15	0.04	5.1	5.9	0.05	0.39	0.38	3.26	2.6	0.44	0.22	<0.02
1_NSC38_30_35			soil metagenome	environmental soil	2019 agricultural soil core 38, 30_35 cm	2019	Australia: New South Wales, Boorowa	34.47447897 S 148.6856568 E								38	30	35	0.04	4.6	5.6	0.06	0.31	0.68	4.36	2.9	0.8	0.66	<0.02
1_NSC38_45_50			soil metagenome	environmental soil	2019 agricultural soil core 38, 45_50 cm	2019	Australia: New South Wales, Boorowa	34.47447897 S 148.6856568 E								38	45	50	0.04	5.6	6.5	0.06	0.3	0.93	5.9	3.8	1.1	1	<0.02
1_NSC39_0_5			soil metagenome	environmental soil	2019 agricultural soil core 39, 0_5 cm	2019	Australia: New South Wales, Boorowa	34.47400617 S 148.6865946 E								39	0	5	0.07	4.5	5.2	0.08	0.75	0.35	2.35	1.8	0.35	0.2	<0.02
1_NSC39_15_20			soil metagenome	environmental soil	2019 agricultural soil core 39, 15_20 cm	2019	Australia: New South Wales, Boorowa	34.47400617 S 148.6865946 E								39	15	20	0.03	4.9	5.8	0.06	0.29	0.26	2.06	1.6	0.31	0.15	<0.02
1_NSC39_35_40			soil metagenome	environmental soil	2019 agricultural soil core 39, 35_40 cm	2019	Australia: New South Wales, Boorowa	34.47400617 S 148.6865946 E								39	35	40	0.02	4.9	6	<0.05	0.21	0.33	2.57	1.9	0.32	0.35	<0.02
1_NSC40_0_5			soil metagenome	environmental soil	2019 agricultural soil core 40, 0_5 cm	2019	Australia: New South Wales, Boorowa	34.47388162 S 148.6871256 E								40	0	5	0.11	6.6	7.1	0.1	0.97	0.4	6	5.1	0.6	0.3	<0.02
1_NSC40_15_20			soil metagenome	environmental soil	2019 agricultural soil core 40, 15_20 cm	2019	Australia: New South Wales, Boorowa	34.47388162 S 148.6871256 E								40	15	20	0.03	6	6.8	0.06	0.39	0.36	3.774	3	0.41	0.34	0.024
1_NSC40_25_30			soil metagenome	environmental soil	2019 agricultural soil core 40, 25_30 cm	2019	Australia: New South Wales, Boorowa	34.47388162 S 148.6871256 E								40	25	30	0.02	5.9	6.9	<0.05	0.22	0.39	4.35	3.3	0.43	0.62	<0.02
1_NSC41_0_5			soil metagenome	environmental soil	2019 agricultural soil core 41, 0_5 cm	2019	Australia: New South Wales, Boorowa	34.47313328 S 148.6877746 E								41	0	5	0.13	5.1	5.7	0.09	0.89	0.88	3.96	3.1	0.56	0.3	<0.02
1_NSC41_15_20			soil metagenome	environmental soil	2019 agricultural soil core 41, 15_20 cm	2019	Australia: New South Wales, Boorowa	34.47313328 S 148.6877746 E								41	15	20	0.03	5.5	6.3	0.05	0.39	1.3	3.053	2.4	0.4	0.23	0.023
1_NSC41_25_30			soil metagenome	environmental soil	2019 agricultural soil core 41, 25_30 cm	2019	Australia: New South Wales, Boorowa	34.47313328 S 148.6877746 E								41	25	30	0.03	5.2	6.2	0.05	0.21	0.36	2.45	1.7	0.37	0.38	<0.02
1_NSC42_0_5			soil metagenome	environmental soil	2019 agricultural soil core 42, 0_5 cm	2019	Australia: New South Wales, Boorowa	34.47361029 S 148.6878387 E								42	0	5	0.11	6.8	7.4	0.11	0.86	0.59	6.79	5.9	0.6	0.29	<0.02
1_NSC42_20_25			soil metagenome	environmental soil	2019 agricultural soil core 42, 20_25 cm	2019	Australia: New South Wales, Boorowa	34.47361029 S 148.6878387 E								42	20	25	0.03	5.6	6.5	<0.05	0.23	0.57	2.24	1.6	0.44	0.2	<0.02
1_NSC42_30_35			soil metagenome	environmental soil	2019 agricultural soil core 42, 30_35 cm	2019	Australia: New South Wales, Boorowa	34.47361029 S 148.6878387 E								42	30	35	0.02	5.7	6.7	<0.05	0.21	0.52	2.21	1.5	0.42	0.29	<0.02
1_NSC42_40_45			soil metagenome	environmental soil	2019 agricultural soil core 42, 40_45 cm	2019	Australia: New South Wales, Boorowa	34.47361029 S 148.6878387 E								42	40	45	0.04	6	6.9	0.07	0.34	0.85	7.2	4	1.2	2	<0.02
1_NSC43_0_5			soil metagenome	environmental soil	2019 agricultural soil core 43, 0_5 cm	2019	Australia: New South Wales, Boorowa	34.47458367 S 148.6846028 E								43	0	5	0.11	7.2	7.8	0.12	1.08	0.64	9.29	8	0.73	0.56	<0.02
1_NSC43_20_25			soil metagenome	environmental soil	2019 agricultural soil core 43, 20_25 cm	2019	Australia: New South Wales, Boorowa	34.47458367 S 148.6846028 E								43	20	25	0.02	5.2	6.2	<0.05	0.24	1.1	3.16	2.2	0.41	0.55	<0.02
1_NSC43_25_30			soil metagenome	environmental soil	2019 agricultural soil core 43, 25_30 cm	2019	Australia: New South Wales, Boorowa	34.47458367 S 148.6846028 E								43	25	30	0.03	5.4	6.3	<0.05	0.25	0.47	3.56	2.4	0.4	0.76	<0.02
1_NSC43_35_40			soil metagenome	environmental soil	2019 agricultural soil core 43, 35_40 cm	2019	Australia: New South Wales, Boorowa	34.47458367 S 148.6846028 E								43	35	40	0.03	5.9	6.8	<0.05	0.25	2	5.45	3.4	0.52	1.5	0.03
1_NSC44_40_45			soil metagenome	environmental soil	2019 agricultural soil core 44, 40_45 cm	2019	Australia: New South Wales, Boorowa	34.47488338 S 148.6837923 E								44	40	45	0.03	5.7	6.6	<0.05	0.24	3.8	5.839	3.3	0.58	1.9	0.059
1_NSC44_45_50			soil metagenome	environmental soil	2019 agricultural soil core 44, 45_50 cm	2019	Australia: New South Wales, Boorowa	34.47488338 S 148.6837923 E								44	45	50	0.03	5.7	6.7	<0.05	0.28	5	6.068	3.3	0.57	2.1	0.098
1_NSC45_5_10			soil metagenome	environmental soil	2019 agricultural soil core 45, 5_10 cm	2019	Australia: New South Wales, Boorowa	34.47489046 S 148.6845872 E								45	5	10	0.1	6.6	7.2	0.09	0.98	0.76	7.004	5.9	0.68	0.4	0.024
1_NSC45_10_15			soil metagenome	environmental soil	2019 agricultural soil core 45, 10_15 cm	2019	Australia: New South Wales, Boorowa	34.47489046 S 148.6845872 E								45	10	15	0.06	5.5	6.3	0.07	0.73	1.3	4.466	3.5	0.62	0.32	0.026
1_NSC45_35_40			soil metagenome	environmental soil	2019 agricultural soil core 45, 35_40 cm	2019	Australia: New South Wales, Boorowa	34.47489046 S 148.6845872 E								45	35	40	0.02	6.2	7.3	<0.05	0.21	1.9	5.442	3.9	0.59	0.93	0.022
1_NSC46_10_15			soil metagenome	environmental soil	2019 agricultural soil core 46, 10_15 cm	2019	Australia: New South Wales, Boorowa	34.47407318 S 148.6869661 E								46	10	15	0.03	5.4	6.3	<0.05	0.45	0.83	3.794	3.1	0.25	0.42	0.024
1_NSC46_20_25			soil metagenome	environmental soil	2019 agricultural soil core 46, 20_25 cm	2019	Australia: New South Wales, Boorowa	34.47407318 S 148.6869661 E								46	20	25	0.04	4.5	5.3	<0.05	0.3	0.4	2.819	2	0.28	0.51	0.029
1_NSC46_30_35			soil metagenome	environmental soil	2019 agricultural soil core 46, 30_35 cm	2019	Australia: New South Wales, Boorowa	34.47407318 S 148.6869661 E								46	30	35	0.02	4.9	6	<0.05	0.15	0.6	1.53	1	0.24	0.29	<0.02
1_NSC47_20_25			soil metagenome	environmental soil	2019 agricultural soil core 47, 20_25 cm	2019	Australia: New South Wales, Boorowa	34.47424354 S 148.6876881 E								47	20	25	0.02	4.4	5.7	<0.05	0.37	0.92	1.54	1.1	0.31	0.13	<0.02
1_NSC47_30_35			soil metagenome	environmental soil	2019 agricultural soil core 47, 30_35 cm	2019	Australia: New South Wales, Boorowa	34.47424354 S 148.6876881 E								47	30	35	0.02	4.9	6	<0.05	0.2	0.25	1.56	1.1	0.28	0.18	<0.02
1_NSC47_35_40			soil metagenome	environmental soil	2019 agricultural soil core 47, 35_40 cm	2019	Australia: New South Wales, Boorowa	34.47424354 S 148.6876881 E								47	35	40	0.02	5.4	6.6	<0.05	0.19	1.1	1.9	1.3	0.35	0.25	<0.02
1_NSC48_25_30			soil metagenome	environmental soil	2019 agricultural soil core 48, 25_30 cm	2019	Australia: New South Wales, Boorowa	34.47529264 S 148.6841924 E								48	25	30	0.03	4.8	5.8	<0.05	0.27	0.56	2.57	1.8	0.43	0.34	<0.02
1_NSC48_30_35			soil metagenome	environmental soil	2019 agricultural soil core 48, 30_35 cm	2019	Australia: New South Wales, Boorowa	34.47529264 S 148.6841924 E								48	30	35	0.02	5.5	6.4	<0.05	0.34	0.84	3.78	2.7	0.5	0.58	<0.02
1_NSC48_40_45			soil metagenome	environmental soil	2019 agricultural soil core 48, 40_45 cm	2019	Australia: New South Wales, Boorowa	34.47529264 S 148.6841924 E								48	40	45	0.04	6	6.9	<0.05	0.29	1	5.78	4.1	0.58	1.1	<0.02
1_NSC49_0_5			soil metagenome	environmental soil	2019 agricultural soil core 49, 0_5 cm	2019	Australia: New South Wales, Boorowa	34.47496949 S 148.6847412 E								49	0	5	0.13	7.2	7.8	0.15	1.79	1.3	11.71	10	0.89	0.82	<0.02
1_NSC49_20_25			soil metagenome	environmental soil	2019 agricultural soil core 49, 20_25 cm	2019	Australia: New South Wales, Boorowa	34.47496949 S 148.6847412 E								49	20	25	0.05	6.4	7.3	0.05	0.48	0.7	6.179	4.4	0.82	0.93	0.029
1_NSC49_40_45			soil metagenome	environmental soil	2019 agricultural soil core 49, 40_45 cm	2019	Australia: New South Wales, Boorowa	34.47496949 S 148.6847412 E								49	40	45	0.04	6.6	7.7	<0.05	0.33	2.7	7.286	4.6	1.1	1.5	0.086
1_NSC50_5_10			soil metagenome	environmental soil	2019 agricultural soil core 50, 5_10 cm	2019	Australia: New South Wales, Boorowa	34.47516886 S 148.6853223 E								50	5	10	0.11	7.3	7.8	0.09	1.09	0.65	9.56	8.5	0.59	0.47	<0.02
1_NSC50_25_30			soil metagenome	environmental soil	2019 agricultural soil core 50, 25_30 cm	2019	Australia: New South Wales, Boorowa	34.475169 S 148.685322 E								50	25	30	0.03	4.6	5.6	0.06	0.45	0.79	4.21	2.5	0.61	1.1	<0.02
1_NSC50_40_45			soil metagenome	environmental soil	2019 agricultural soil core 50, 40_45 cm	2019	Australia: New South Wales, Boorowa	34.475169 S 148.685322 E								50	40	45	0.03	5.5	6.4	<0.05	0.43	1.5	7.959	4.3	0.61	3	0.049
1_NSC51_0_5			soil metagenome	environmental soil	2019 agricultural soil core 51, 0_5 cm	2019	Australia: New South Wales, Boorowa	34.47423964 S 148.6866646 E								51	0	5	0.09	6.7	7.3	0.06	0.69	1.9	5.34	4.8	0.38	0.16	<0.02
1_NSC51_25_30			soil metagenome	environmental soil	2019 agricultural soil core 51, 25_30 cm	2019	Australia: New South Wales, Boorowa	34.47423964 S 148.6866646 E								51	25	30	0.02	4.2	5.1	<0.05	0.23	0.39	1.22	0.85	0.26	0.11	<0.02
1_NSC51_30_35			soil metagenome	environmental soil	2019 agricultural soil core 51, 30_35 cm	2019	Australia: New South Wales, Boorowa	34.47423964 S 148.6866646 E								51	30	35	0.03	4.3	5.2	<0.05	0.19	0.38	1.45	0.99	0.3	0.16	<0.02
1_NSC51_35_40			soil metagenome	environmental soil	2019 agricultural soil core 51, 35_40 cm	2019	Australia: New South Wales, Boorowa	34.47423964 S 148.6866646 E								51	35	40	0.03	4.4	5.2	<0.05	0.15	0.39	1.73	1.2	0.32	0.21	<0.02
1_NSC52_5_10			soil metagenome	environmental soil	2019 agricultural soil core 52, 5_10 cm	2019	Australia: New South Wales, Boorowa	34.47382738 S 148.6877886 E								52	5	10	0.1	7.2	7.7	0.09	0.87	0.44	6.84	6.1	0.45	0.29	<0.02
1_NSC52_15_20			soil metagenome	environmental soil	2019 agricultural soil core 52, 15_20 cm	2019	Australia: New South Wales, Boorowa	34.47382738 S 148.6877886 E								52	15	20	0.03	5.3	6.3	<0.05	0.23	0.28	1.76	1.3	0.27	0.19	<0.02
1_NSC52_20_25			soil metagenome	environmental soil	2019 agricultural soil core 52, 20_25 cm	2019	Australia: New South Wales, Boorowa	34.47382738 S 148.6877886 E								52	20	25	0.03	5.2	6.1	<0.05	0.19	0.7	1.82	1.3	0.31	0.21	<0.02
1_NSC52_40_45			soil metagenome	environmental soil	2019 agricultural soil core 52, 40_45 cm	2019	Australia: New South Wales, Boorowa	34.47382738 S 148.6877886 E								52	40	45	0.04	5.4	6.2	<0.05	0.24	0.91	4.803	3	0.57	1.2	0.033
1_NSC53_5_10			soil metagenome	environmental soil	2019 agricultural soil core 53, 5_10 cm	2019	Australia: New South Wales, Boorowa	34.47463176 S 148.6856926 E								53	5	10	0.07	6.5	7.1	0.06	0.63	0.5	5.43	4.8	0.39	0.24	<0.02
1_NSC53_20_25			soil metagenome	environmental soil	2019 agricultural soil core 53, 20_25 cm	2019	Australia: New South Wales, Boorowa	34.47463176 S 148.6856926 E								53	20	25	0.03	4.2	5.1	<0.05	0.24	0.5	1.84	1.2	0.39	0.25	<0.02
1_NSC53_45_50			soil metagenome	environmental soil	2019 agricultural soil core 53, 45_50 cm	2019	Australia: New South Wales, Boorowa	34.47463176 S 148.6856926 E								53	45	50	0.03	5.7	6.5	<0.05	0.26	1.2	6.87	3.9	0.87	2.1	<0.02
1_NSC54_25_30			soil metagenome	environmental soil	2019 agricultural soil core 54, 25_30 cm	2019	Australia: New South Wales, Boorowa	34.47366257 S 148.6879704 E								54	25	30	0.02	4.9	6	<0.05	0.18	0.28	1.41	1	0.28	0.13	<0.02
1_NSC54_30_35			soil metagenome	environmental soil	2019 agricultural soil core 54, 30_35 cm	2019	Australia: New South Wales, Boorowa	34.47366257 S 148.6879704 E								54	30	35	0.02	5.1	6.2	<0.05	0.17	0.55	1.6	1.1	0.32	0.18	<0.02
1_NSC54_40_45			soil metagenome	environmental soil	2019 agricultural soil core 54, 40_45 cm	2019	Australia: New South Wales, Boorowa	34.47366257 S 148.6879704 E								54	40	45	0.02	5.5	6.6	<0.05	0.18	0.29	1.97	1.4	0.3	0.27	<0.02
1_NSC55_5_10			soil metagenome	environmental soil	2019 agricultural soil core 55, 5_10 cm	2019	Australia: New South Wales, Boorowa	34.473776 S 148.6875916 E								55	5	10	0.07	6.5	7.2	0.08	0.95	2.1	6.08	5.2	0.54	0.34	<0.02
1_NSC55_25_30			soil metagenome	environmental soil	2019 agricultural soil core 55, 25_30 cm	2019	Australia: New South Wales, Boorowa	34.473776 S 148.6875916 E								55	25	30	0.02	5.2	6.3	<0.05	0.23	1.6	2.631	1.8	0.38	0.41	0.041
1_NSC55_35_40			soil metagenome	environmental soil	2019 agricultural soil core 55, 35_40 cm	2019	Australia: New South Wales, Boorowa	34.473776 S 148.6875916 E								55	35	40	0.02	5.7	6.9	0.07	0.2	3.3	4.407	2.8	0.65	0.93	0.027
1_NSC56_25_30			soil metagenome	environmental soil	2019 agricultural soil core 56, 25_30 cm	2019	Australia: New South Wales, Boorowa	34.47437951 S 148.6869832 E								56	25	30	0.02	4.7	5.7	<0.05	0.2	0.31	2	1.4	0.27	0.33	<0.02
1_NSC56_30_35			soil metagenome	environmental soil	2019 agricultural soil core 56, 30_35 cm	2019	Australia: New South Wales, Boorowa	34.47437951 S 148.6869832 E								56	30	35	0.02	5.1	6.2	<0.05	0.2	0.34	2.87	2	0.31	0.56	<0.02
1_NSC56_40_45			soil metagenome	environmental soil	2019 agricultural soil core 56, 40_45 cm	2019	Australia: New South Wales, Boorowa	34.47437951 S 148.6869832 E								56	40	45	0.03	5.5	6.4	<0.05	0.21	0.55	5.412	3.5	0.48	1.4	0.032
1_NSC56_45_50			soil metagenome	environmental soil	2019 agricultural soil core 56, 45_50 cm	2019	Australia: New South Wales, Boorowa	34.47437951 S 148.6869832 E								56	45	50	0.03	5.7	6.7	<0.05	0.17	0.6	5.551	3.5	0.51	1.5	0.041
1_NSC57_30_35			soil metagenome	environmental soil	2019 agricultural soil core 57, 30_35 cm	2019	Australia: New South Wales, Boorowa	34.47524487 S 148.6843875 E								57	30	35	0.05	5	5.7	<0.05	0.24	0.53	4.588	3.1	0.46	1	0.028
1_NSC57_40_45			soil metagenome	environmental soil	2019 agricultural soil core 57, 40_45 cm	2019	Australia: New South Wales, Boorowa	34.47524487 S 148.6843875 E								57	40	45	0.03	5.6	6.5	<0.05	0.21	0.78	5.837	3.9	0.49	1.4	0.047
1_NSC57_45_50			soil metagenome	environmental soil	2019 agricultural soil core 57, 45_50 cm	2019	Australia: New South Wales, Boorowa	34.47524487 S 148.6843875 E								57	45	50	0.03	5.8	6.8	0.05	0.36	0.77	6.28	4.3	0.42	1.5	0.06
1_NSC58_10_15			soil metagenome	environmental soil	2019 agricultural soil core 58, 10_15 cm	2019	Australia: New South Wales, Boorowa	34.47553528 S 148.6842518 E								58	10	15	0.06	6.8	7.5	0.05	0.52	0.26	4.94	4.5	0.29	0.15	<0.02
1_NSC58_20_25			soil metagenome	environmental soil	2019 agricultural soil core 58, 20_25 cm	2019	Australia: New South Wales, Boorowa	34.47553528 S 148.6842518 E								58	20	25	0.02	4.9	5.8	0.05	0.24	0.27	1.766	1.5	0.2	0.066	<0.02
1_NSC58_25_30			soil metagenome	environmental soil	2019 agricultural soil core 58, 25_30 cm	2019	Australia: New South Wales, Boorowa	34.47553528 S 148.6842518 E								58	25	30	0.02	4.4	5.3	0.05	0.15	0.27	1.277	1	0.21	0.067	<0.02
1_NSC59_5_10			soil metagenome	environmental soil	2019 agricultural soil core 59, 5_10 cm	2019	Australia: New South Wales, Boorowa	34.47442233 S 148.6864941 E								59	10	15	0.04	5.6	6.4	0.07	0.36	0.23	2.68	2.2	0.38	0.1	<0.02
1_NSC59_10_15			soil metagenome	environmental soil	2019 agricultural soil core 59, 10_15 cm	2019	Australia: New South Wales, Boorowa	34.47442233 S 148.6864941 E								59	5	10	0.08	7.1	7.7	0.07	0.71	0.24	6.52	5.9	0.43	0.19	<0.02
1_NSC59_20_25			soil metagenome	environmental soil	2019 agricultural soil core 59, 20_25 cm	2019	Australia: New South Wales, Boorowa	34.47442233 S 148.6864941 E								59	20	25	0.02	4.3	5.3	<0.05	0.16	0.23	1.061	0.72	0.27	0.071	<0.02
1_NSC59_25_30			soil metagenome	environmental soil	2019 agricultural soil core 59, 25_30 cm	2019	Australia: New South Wales, Boorowa	34.47442233 S 148.6864941 E								59	25	30	0.02	4.4	5.3	<0.05	0.18	0.24	1.255	0.88	0.28	0.095	<0.02
1_NSC59_40_45			soil metagenome	environmental soil	2019 agricultural soil core 59, 40_45 cm	2019	Australia: New South Wales, Boorowa	34.47442233 S 148.6864941 E								59	40	45	0.03	5.3	6.2	<0.05	0.15	0.24	2.4	1.7	0.38	0.32	<0.02
1_NSC60_15_20			soil metagenome	environmental soil	2019 agricultural soil core 60, 15_20 cm	2019	Australia: New South Wales, Boorowa	34.474779 S 148.6861311 E								60	15	20	0.08	6.6	7	0.05	0.43	0.24	4.657	4.3	0.26	0.097	<0.02
1_NSC60_0_5			soil metagenome	environmental soil	2019 agricultural soil core 60, 0_5 cm	2019	Australia: New South Wales, Boorowa	34.474779 S 148.6861311 E								60	0	5	0.03	7.6	8.2	0.08	0.72	0.26	9.64	9.1	0.38	0.16	<0.02
1_NSC60_20_25			soil metagenome	environmental soil	2019 agricultural soil core 60, 20_25 cm	2019	Australia: New South Wales, Boorowa	34.474779 S 148.6861311 E								60	20	25	0.05	6	6.5	<0.05	0.39	0.24	3.28	2.9	0.28	0.1	<0.02
2_NSC01_5_10			soil metagenome	environmental soil	2023 agricultural soil core 1, 5-10 cm	2023	Australia: New South Wales, Boorowa	34.47268092 S 148.687232 E								1	5	10	0.02	6.1	6.8	0.0799	1.205	NA	NA	NA	NA	NA	NA
2_NSC03_0_5			soil metagenome	environmental soil	2023 agricultural soil core 3, 0-5 cm	2023	Australia: New South Wales, Boorowa	34.47345778 S 148.6845149 E								3	0	5	0.02	6	7.1	0.1351	1.823	NA	NA	NA	NA	NA	NA
2_NSC03_5_10			soil metagenome	environmental soil	2023 agricultural soil core 3, 5-10 cm	2023	Australia: New South Wales, Boorowa	34.47345778 S 148.6845149 E								3	5	10	0.01	5	7.5	0.0673	0.774	NA	NA	NA	NA	NA	NA
2_NSC04_10_15			soil metagenome	environmental soil	2023 agricultural soil core 4, 10-15 cm	2023	Australia: New South Wales, Boorowa	34.47364483 S 148.6846819 E								4	10	15	0.01	5.8	7.4	0.0647	0.886	NA	NA	NA	NA	NA	NA
2_NSC04_5_10			soil metagenome	environmental soil	2023 agricultural soil core 4, 5-10 cm	2023	Australia: New South Wales, Boorowa	34.47364483 S 148.6846819 E								4	5	10	0.01	5.3	7.2	0.0495	0.664	NA	NA	NA	NA	NA	NA
2_NSC06_0_5			soil metagenome	environmental soil	2023 agricultural soil core 6, 0-5 cm	2023	Australia: New South Wales, Boorowa	34.47336885 S 148.6850792 E								6	0	5	0.02	5.7	6.5	0.1282	1.897	NA	NA	NA	NA	NA	NA
2_NSC07_10_15			soil metagenome	environmental soil	2023 agricultural soil core 7, 10-15 cm	2023	Australia: New South Wales, Boorowa	34.47292205 S 148.6867469 E								7	10	15	0.01	6	6.9	0.0596	0.736	NA	NA	NA	NA	NA	NA
2_NSC07_15_20			soil metagenome	environmental soil	2023 agricultural soil core 7, 15-20 cm	2023	Australia: New South Wales, Boorowa	34.47292205 S 148.6867469 E								7	15	20	0.01	6	6.9	0.0262	0.362	NA	NA	NA	NA	NA	NA
2_NSC08_0_5			soil metagenome	environmental soil	2023 agricultural soil core 8, 0-5 cm	2023	Australia: New South Wales, Boorowa	34.47276475 S 148.6863845 E								8	0	5	0.02	5.8	6.5	0.1273	1.814	NA	NA	NA	NA	NA	NA
2_NSC08_15_20			soil metagenome	environmental soil	2023 agricultural soil core 8, 15-20 cm	2023	Australia: New South Wales, Boorowa	34.47276475 S 148.6863845 E								8	15	20	0	5.9	7.1	0.0214	0.277	NA	NA	NA	NA	NA	NA
2_NSC09_5_10			soil metagenome	environmental soil	2023 agricultural soil core 9, 5-10 cm	2023	Australia: New South Wales, Boorowa	34.47262578 S 148.6873071 E								9	5	10	0.01	5.9	6.8	0.0724	0.851	NA	NA	NA	NA	NA	NA
2_NSC10_1_15			soil metagenome	environmental soil	2023 agricultural soil core 10, 1-15 cm	2023	Australia: New South Wales, Boorowa	34.47328141 S 148.6848815 E								10	10	15	0.02	5.9	6.6	0.0574	0.749	NA	NA	NA	NA	NA	NA
2_NSC15_10_15			soil metagenome	environmental soil	2023 agricultural soil core 15, 10-15 cm	2023	Australia: New South Wales, Boorowa	34.4730831 S 148.6855308 E								15	10	15	0.01	6	7	0.0338	0.472	NA	NA	NA	NA	NA	NA
2_NSC16_0_5			soil metagenome	environmental soil	2023 agricultural soil core 16, 0-5 cm	2023	Australia: New South Wales, Boorowa	34.47378412 S 148.6856973 E								16	0	5	0.03	5.9	6.8	0.096	2.39	NA	NA	NA	NA	NA	NA
2_NSC17_0_5			soil metagenome	environmental soil	2023 agricultural soil core 17, 0-5 cm	2023	Australia: New South Wales, Boorowa	34.47290898 S 148.6876939 E								17	0	5	0.03	5.7	6.6	0.0888	1.364	NA	NA	NA	NA	NA	NA
2_NSC17_10_15			soil metagenome	environmental soil	2023 agricultural soil core 17, 10-15 cm	2023	Australia: New South Wales, Boorowa	34.47290898 S 148.6876939 E								17	10	15	0.02	5.7	6.6	0.0998	1.477	NA	NA	NA	NA	NA	NA
2_NSC17_5_10			soil metagenome	environmental soil	2023 agricultural soil core 17, 5-10 cm	2023	Australia: New South Wales, Boorowa	34.47290898 S 148.6876939 E								17	5	10	0.01	5.6	6.7	0.0506	0.678	NA	NA	NA	NA	NA	NA
2_NSC18_15_20			soil metagenome	environmental soil	2023 agricultural soil core 18, 15-20 cm	2023	Australia: New South Wales, Boorowa	34.47364124 S 148.6855964 E								18	15	20	0.01	5.6	6.7	0.0245	0.309	NA	NA	NA	NA	NA	NA
2_NSC20_15_20			soil metagenome	environmental soil	2023 agricultural soil core 20, 15-20 cm	2023	Australia: New South Wales, Boorowa	34.4743212 S 148.6840205 E								20	15	20	0.01	5.6	6.6	0.0188	0.249	NA	NA	NA	NA	NA	NA
2_NSC21_10_15			soil metagenome	environmental soil	2023 agricultural soil core 21, 10-15 cm	2023	Australia: New South Wales, Boorowa	34.47327511 S 148.6872984 E								21	10	15	0.01	5.6	6.6	0.058	0.794	NA	NA	NA	NA	NA	NA
2_NSC21_15_20			soil metagenome	environmental soil	2023 agricultural soil core 21, 15-20 cm	2023	Australia: New South Wales, Boorowa	34.47327511 S 148.6872984 E								21	15	20	0.01	5.5	6.6	0.0628	0.79	NA	NA	NA	NA	NA	NA
2_NSC21_5_10			soil metagenome	environmental soil	2023 agricultural soil core 21, 5-10 cm	2023	Australia: New South Wales, Boorowa	34.47327511 S 148.6872984 E								21	5	10	0	5.6	6.6	0.0189	0.205	NA	NA	NA	NA	NA	NA
2_NSC22_0_5			soil metagenome	environmental soil	2023 agricultural soil core 22, 0-5 cm	2023	Australia: New South Wales, Boorowa	34.47373589 S 148.6852717 E								22	0	5	0.02	5.3	6.4	0.084	1.127	NA	NA	NA	NA	NA	NA
2_NSC23_5_10			soil metagenome	environmental soil	2023 agricultural soil core 23, 5-10 cm	2023	Australia: New South Wales, Boorowa	34.47404898 S 148.6847989 E								23	5	10	0.02	6	6.5	0.0714	0.931	NA	NA	NA	NA	NA	NA
2_NSC24_0_5			soil metagenome	environmental soil	2023 agricultural soil core 24, 0-5 cm	2023	Australia: New South Wales, Boorowa	34.47392699 S 148.6857982 E								24	0	5	0.01	5.1	6.4	0.0956	1.403	NA	NA	NA	NA	NA	NA
2_NSC24_5_10			soil metagenome	environmental soil	2023 agricultural soil core 24, 5-10 cm	2023	Australia: New South Wales, Boorowa	34.47392699 S 148.6857982 E								24	5	10	0.01	4.9	6.6	0.0427	0.743	NA	NA	NA	NA	NA	NA
2_NSC25_5_10			soil metagenome	environmental soil	2023 agricultural soil core 25, 5-10 cm	2023	Australia: New South Wales, Boorowa	34.4735227 S 148.6863453 E								25	5	10	0.02	5.7	7.9	0.086	1.192	NA	NA	NA	NA	NA	NA
2_NSC26_5_10			soil metagenome	environmental soil	2023 agricultural soil core 26, 5-10 cm	2023	Australia: New South Wales, Boorowa	34.47320375 S 148.6865893 E								26	5	10	0.01	5.3	6.4	0.0555	0.792	NA	NA	NA	NA	NA	NA
2_NSC27_0_5			soil metagenome	environmental soil	2023 agricultural soil core 27, 0-5 cm	2023	Australia: New South Wales, Boorowa	34.47339951 S 148.6861251 E								27	0	5	0.01	5	6.2	0.0849	1.154	NA	NA	NA	NA	NA	NA
2_NSC28_5_10			soil metagenome	environmental soil	2023 agricultural soil core 28, 5-10 cm	2023	Australia: New South Wales, Boorowa	34.47468417 S 148.6838536 E								28	5	10	0.01	5.6	6.5	0.0597	0.772	NA	NA	NA	NA	NA	NA
2_NSC30_0_5			soil metagenome	environmental soil	2023 agricultural soil core 30, 0-5 cm	2023	Australia: New South Wales, Boorowa	34.47454565 S 148.6840903 E								30	0	5	0.01	5.2	6.7	0.0682	0.907	NA	NA	NA	NA	NA	NA
2_NSC33_0_5			soil metagenome	environmental soil	2023 agricultural soil core 33, 0-5 cm	2023	Australia: New South Wales, Boorowa	34.47313763 S 148.6881122 E								33	0	5	0.02	5.5	6.8	0.107	1.443	NA	NA	NA	NA	NA	NA
2_NSC33_5_10			soil metagenome	environmental soil	2023 agricultural soil core 33, 5-10 cm	2023	Australia: New South Wales, Boorowa	34.47313763 S 148.6881122 E								33	5	10	0.02	5.7	7.1	0.0687	0.904	NA	NA	NA	NA	NA	NA
2_NSC35_15_20			soil metagenome	environmental soil	2023 agricultural soil core 35, 15-20 cm	2023	Australia: New South Wales, Boorowa	34.47470147 S 148.6852149 E								35	15	20	0.01	5.7	7.2	0.0259	0.324	NA	NA	NA	NA	NA	NA
2_NSC36_0_5			soil metagenome	environmental soil	2023 agricultural soil core 36, 0-5 cm	2023	Australia: New South Wales, Boorowa	34.47512242 S 148.6841128 E								36	0	5	0.01	5.5	6.8	0.0817	1.176	NA	NA	NA	NA	NA	NA
2_NSC36_10_15			soil metagenome	environmental soil	2023 agricultural soil core 36, 10-15 cm	2023	Australia: New South Wales, Boorowa	34.47512242 S 148.6841128 E								36	10	15	0.01	5.6	7	0.036	0.517	NA	NA	NA	NA	NA	NA
2_NSC37_15_20			soil metagenome	environmental soil	2023 agricultural soil core 37, 15-20 cm	2023	Australia: New South Wales, Boorowa	34.47436043 S 148.6857524 E								37	15	20	0.01	5.7	7	0.0368	0.5	NA	NA	NA	NA	NA	NA
2_NSC38_10_15			soil metagenome	environmental soil	2023 agricultural soil core 38, 10-15 cm	2023	Australia: New South Wales, Boorowa	34.47447897 S 148.6856568 E								38	10	15	0.01	5.6	6.5	0.0327	0.47	NA	NA	NA	NA	NA	NA
2_NSC39_0_5			soil metagenome	environmental soil	2023 agricultural soil core 39, 0-5 cm	2023	Australia: New South Wales, Boorowa	34.47400617 S 148.6865946 E								39	0	5	0.01	4.1	5.1	0.0319	0.452	NA	NA	NA	NA	NA	NA
2_NSC39_15_20			soil metagenome	environmental soil	2023 agricultural soil core 39, 15-20 cm	2023	Australia: New South Wales, Boorowa	34.47400617 S 148.6865946 E								39	15	20	0.01	4	5.1	0.0241	0.36	NA	NA	NA	NA	NA	NA
2_NSC40_0_5			soil metagenome	environmental soil	2023 agricultural soil core 40, 0-5 cm	2023	Australia: New South Wales, Boorowa	34.47388162 S 148.6871256 E								40	0	5	0.01	5.3	6.4	0.0549	1.112	NA	NA	NA	NA	NA	NA
2_NSC40_10_15			soil metagenome	environmental soil	2023 agricultural soil core 40, 10-15 cm	2023	Australia: New South Wales, Boorowa	34.47388162 S 148.6871256 E								40	10	15	0.01	6.2	6.9	0.0599	0.898	NA	NA	NA	NA	NA	NA
2_NSC40_15_20			soil metagenome	environmental soil	2023 agricultural soil core 40, 15-20 cm	2023	Australia: New South Wales, Boorowa	34.47388162 S 148.6871256 E								40	15	20	0.01	4.6	5.5	0.0505	0.573	NA	NA	NA	NA	NA	NA
2_NSC41_0_5			soil metagenome	environmental soil	2023 agricultural soil core 41, 0-5 cm	2023	Australia: New South Wales, Boorowa	34.47313328 S 148.6877746 E								41	0	5	0.03	6	6.8	0.0513	0.641	NA	NA	NA	NA	NA	NA
2_NSC41_15_20			soil metagenome	environmental soil	2023 agricultural soil core 41, 15-20 cm	2023	Australia: New South Wales, Boorowa	34.47313328 S 148.6877746 E								41	15	20	0.01	5.5	6.7	0.0252	0.329	NA	NA	NA	NA	NA	NA
2_NSC43_0_5			soil metagenome	environmental soil	2023 agricultural soil core 43, 0-5 cm	2023	Australia: New South Wales, Boorowa	34.47458367 S 148.6846028 E								43	0	5	0.02	5.9	6.9	0.0923	1.112	NA	NA	NA	NA	NA	NA
2_NSC44_0_5			soil metagenome	environmental soil	2023 agricultural soil core 44, 0-5 cm	2023	Australia: New South Wales, Boorowa	34.47488338 S 148.6837923 E								44	0	5	0.01	5.4	6.7	0.0743	1.186	NA	NA	NA	NA	NA	NA
2_NSC45_10_15			soil metagenome	environmental soil	2023 agricultural soil core 45, 10-15 cm	2023	Australia: New South Wales, Boorowa	34.47489046 S 148.6845872 E								45	10	15	0.02	5.9	6.8	0.0571	0.795	NA	NA	NA	NA	NA	NA
2_NSC45_5_10			soil metagenome	environmental soil	2023 agricultural soil core 45, 5-10 cm	2023	Australia: New South Wales, Boorowa	34.47489046 S 148.6845872 E								45	5	10	0.02	5.7	6.7	0.0645	1.037	NA	NA	NA	NA	NA	NA
2_NSC46_10_15			soil metagenome	environmental soil	2023 agricultural soil core 46, 10-15 cm	2023	Australia: New South Wales, Boorowa	34.47407318 S 148.6869661 E								46	10	15	0.02	5.8	6.9	0.0522	0.653	NA	NA	NA	NA	NA	NA
2_NSC49_0_5			soil metagenome	environmental soil	2023 agricultural soil core 49, 0-5 cm	2023	Australia: New South Wales, Boorowa	34.47496949 S 148.6847412 E								49	0	5	0.02	5.9	6.9	0.1101	1.598	NA	NA	NA	NA	NA	NA
2_NSC50_5_10			soil metagenome	environmental soil	2023 agricultural soil core 50, 5-10 cm	2023	Australia: New South Wales, Boorowa	34.47516886 S 148.6853223 E								50	5	10	0.02	5.9	7	0.0618	0.941	NA	NA	NA	NA	NA	NA
2_NSC51_0_5			soil metagenome	environmental soil	2023 agricultural soil core 51, 0-5 cm	2023	Australia: New South Wales, Boorowa	34.47423964 S 148.6866646 E								51	0	5	0.02	6.1	6.9	0.0515	0.766	NA	NA	NA	NA	NA	NA
2_NSC52_15_20			soil metagenome	environmental soil	2023 agricultural soil core 52, 15-20 cm	2023	Australia: New South Wales, Boorowa	34.47382738 S 148.6877886 E								52	15	20	0.01	6.2	7.4	0.0084	0.162	NA	NA	NA	NA	NA	NA
2_NSC52_5_10			soil metagenome	environmental soil	2023 agricultural soil core 52, 5-10 cm	2023	Australia: New South Wales, Boorowa	34.47382738 S 148.6877886 E								52	5	10	0.02	6.1	7.2	0.051	0.721	NA	NA	NA	NA	NA	NA
2_NSC53_5_10			soil metagenome	environmental soil	2023 agricultural soil core 53, 5-10 cm	2023	Australia: New South Wales, Boorowa	34.47463176 S 148.6856926 E								53	5	10	0.01	6.2	7.3	0.0479	0.666	NA	NA	NA	NA	NA	NA
2_NSC58_10_15			soil metagenome	environmental soil	2023 agricultural soil core 58, 10-15 cm	2023	Australia: New South Wales, Boorowa	34.47553528 S 148.6842518 E								58	10	15	0.01	5.4	6.9	0.0191	0.316	NA	NA	NA	NA	NA	NA
2_NSC59_10_15			soil metagenome	environmental soil	2023 agricultural soil core 59, 10-15 cm	2023	Australia: New South Wales, Boorowa	34.47442233 S 148.6864941 E								59	10	15	0.02	5.8	7.1	0.0354	0.462	NA	NA	NA	NA	NA	NA
2_NSC59_5_10			soil metagenome	environmental soil	2023 agricultural soil core 59, 5-10 cm	2023	Australia: New South Wales, Boorowa	34.47442233 S 148.6864941 E								59	5	10	0.01	5.6	6.8	0.0535	0.768	NA	NA	NA	NA	NA	NA
